assets/images/nasx/people/nast-fellows-2526/kumaresh-ramesh	.webp
assets/images/nasx/people/nast-fellows-2526/yash-khandelwal	.webp
assets/images/nasx/people/nast-fellows-2526/aaratrica-kashyap	.webp
assets/images/nasx/people/nast-fellows-2526/siddhant-chandra	.webp
assets/images/nasx/people/nast-fellows-2526/neeraj-gudipati	.webp
assets/images/nasx/people/nast-fellows-2526/anandana-kapur	.jpg
assets/images/nasx/people/nast-fellows-2526/shubham-shukla	.webp
assets/images/nasx/people/nast-fellows-2526/chetna-anjali	.webp
assets/images/nasx/people/nast-fellows-2526/tanishka-wagh	.webp
assets/images/nasx/people/nast-fellows-2526/pranav-bhosale	.webp
assets/images/nasx/people/nast-fellows-2526/utung-tiwari	.webp
assets/images/nasx/people/nast-fellows-2526/akash-tiwari	.webp
assets/images/nasx/people/nast-fellows-2526/nrusingha-narayan-dey	.webp
assets/images/nasx/people/nast-fellows-2526/soham-bose	.webp
assets/images/nasx/people/nast-fellows-2526/soumya-kanti-ghosh	.webp
assets/images/nasx/people/nast-fellows-2526/debasri-mukherjee	.webp
assets/images/nasx/people/nast-fellows-2526/rajesh-gopal	.webp
assets/images/nasx/people/nast-fellows-2526/jason-joseph	.webp
assets/images/nasx/people/nast-fellows-2526/pranav-r-satyanath	.webp
assets/images/nasx/people/nast-fellows-2526/bhargavi-pba	.jpg
assets/images/nasx/people/nast-fellows-2526/manav-gudwani	.webp
assets/images/nasx/people/nast-fellows-2526/kashish-parpiani	.webp
assets/images/nasx/people/nast-fellows-2526/samanvya-hooda	.webp
assets/images/nasx/people/nast-fellows-2526/shouvik-banerjee	.webp
assets/images/nasx/people/nast-fellows-2526/adnan-ahmad-ansari	.jpg
assets/images/nasx/people/nast-fellows-2526/shantanu-sharma	.webp
assets/images/nasx/people/nast-fellows-2526/nistha-kumari-singh	.jpg
assets/images/nasx/people/nast-fellows-2526/arpit-tripathi	.webp
assets/images/nasx/people/nast-mentors/rakesh-sood	.webp
assets/images/nasx/people/nast-mentors/douglas-fuller	.webp
assets/images/nasx/people/nast-mentors/kailash-nadh	.webp
assets/images/nasx/people/nast-mentors/cmde-a-p-golaya-retd	.webp
assets/images/nasx/people/nast-mentors/narayan-ramachandran	.webp
assets/images/nasx/people/nast-mentors/manpreet-sethi	.jpg
assets/images/nasx/people/nast-mentors/karthik-nachiappan	.jpg
assets/images/nasx/people/nast-mentors/anirudh-suri	.webp
assets/images/nasx/people/nast-mentors/prateek-waghre	.jpg
assets/images/nasx/people/nast-mentors/shambhavi-naik	.webp
assets/images/nasx/people/nast-mentors/gp-capt-th-anand-rao-retd	.jpg
assets/images/nasx/people/nast-mentors/pranay-kotasthane	.webp
assets/images/nasx/people/nast-mentors/y-nithiyanandam	.webp
assets/images/nasx/people/nast-mentors/rijesh-panicker	.webp
assets/images/nasx/people/nast-fellows-2425/nisarg-jani	.webp
assets/images/nasx/people/nast-fellows-2425/bhumika-sevkani	.jpg
assets/images/nasx/people/nast-fellows-2425/akash-kumar	.webp
assets/images/nasx/people/nast-fellows-2425/radhika-gupta	.webp
assets/images/nasx/people/nast-fellows-2425/pranjal-mhatre	.webp
assets/images/nasx/people/nast-fellows-2425/avinash-koli	.jpg
assets/images/nasx/people/nast-fellows-2425/sachin-tiwari	.webp
assets/images/nasx/people/nast-fellows-2425/ritesh-suri	.webp
assets/images/nasx/people/nast-fellows-2425/trishal-kumar	.webp
assets/images/nasx/people/nast-fellows-2425/sahiti-sarva	.webp
assets/images/nasx/people/nast-fellows-2425/akshay-mijar	.webp
assets/images/nasx/people/nast-fellows-2425/akshat-dwivedi	.webp
assets/images/nasx/people/nast-fellows-2425/andrea-nerthi-r	.jpg
assets/images/nasx/people/nast-fellows-2425/kumar-saurabh	.webp
assets/images/nasx/people/nast-fellows-2425/samyak-rai-leekha	.webp
assets/images/nasx/people/nast-fellows-2425/akhil-siddharth-p	.webp
assets/images/nasx/people/nast-fellows-2425/shivalik-daga	.webp
assets/images/nasx/people/nast-fellows-2425/sanket-tambare	.webp
assets/images/nasx/people/nast-fellows-2425/noel-jackson-therattil	.webp
assets/images/nasx/people/nast-fellows-2425/mani-bhushan-jha	.webp
assets/images/nasx/people/nast-fellows-2425/abhishank-mishra	.webp
assets/images/nasx/people/nasp-fellows-2425/yashvi	.webp
assets/images/nasx/people/nasp-fellows-2425/vanita-shrikant-deshpande	.jpg
assets/images/nasx/people/nasp-fellows-2425/diksha-singh	.webp
assets/images/nasx/people/nasp-fellows-2425/malik-moin-abbas	.webp
assets/images/nasx/people/nasp-fellows-2425/prashant-singh	.webp
assets/images/nasx/people/nasp-fellows-2425/rishabh-yadav	.webp
assets/images/nasx/people/nasp-fellows-2425/divyangana-harit	.webp
assets/images/nasx/people/nasp-fellows-2425/muneer-ahmed	.webp
assets/images/nasx/people/nasp-fellows-2425/meha-dixit	.webp
assets/images/nasx/people/nasp-fellows-2425/nachiket-kirit-javali	.jpg
assets/images/nasx/people/nasp-fellows-2425/porkkodi-ganeshpandian	.webp
assets/images/nasx/people/nasp-fellows-2425/vasu-sharma	.webp
assets/images/nasx/people/nasp-fellows-2425/mohit-vashisth	.webp
assets/images/nasx/people/nasp-fellows-2425/aichuk-debbarma	.webp
assets/images/nasx/people/nasp-fellows-2425/nikita-vats	.jpg
assets/images/nasx/people/nasp-fellows-2425/raghav-sharma	.webp
assets/images/nasx/people/nasp-fellows-2425/vaneeta	.webp
assets/images/nasx/people/nasp-fellows-2425/bantirani-patro	.jpg
assets/images/nasx/people/nasp-fellows-2425/madhura-s-mahesh	.webp
assets/images/nasx/people/nasp-fellows-2425/bhoomika-sesharaj	.webp
assets/images/nasx/people/nasp-fellows-2425/ratnadeep-chakraborty	.webp
assets/images/nasx/people/nasp-fellows-2425/ekampreet	.webp
assets/images/nasx/people/nasp-fellows-2425/priyadarshini-baruah	.webp
assets/images/nasx/people/nasp-fellows-pioneer/aishwarya-verma	.webp
assets/images/nasx/people/nasp-fellows-pioneer/anakha-s-thampy	.webp
assets/images/nasx/people/nasp-fellows-pioneer/arpan-a-chakravarty	.webp
assets/images/nasx/people/nasp-fellows-pioneer/bashir-ali-abbas	.webp
assets/images/nasx/people/nasp-fellows-pioneer/dr-kaustav-padmapati	.webp
assets/images/nasx/people/nasp-fellows-pioneer/manas-priya	.webp
assets/images/nasx/people/nasp-fellows-pioneer/maria-sony	.jpg
assets/images/nasx/people/nasp-fellows-pioneer/palak-singh	.webp
assets/images/nasx/people/nasp-fellows-pioneer/rahul-lad	.webp
assets/images/nasx/people/nasp-fellows-pioneer/rohit-kulkarni	.jpg
assets/images/nasx/people/nasp-fellows-pioneer/dr-roshni-sengupta	.webp
assets/images/nasx/people/nasp-fellows-pioneer/rushali-saha	.webp
assets/images/nasx/people/nasp-fellows-pioneer/shourya-gori	.webp
assets/images/nasx/people/nasp-fellows-pioneer/sneha-sengupta	.webp
assets/images/nasx/people/nasp-fellows-pioneer/subhashish-dutta	.webp
assets/images/nasx/people/nasp-mentors/prof-sumit-ganguly	.webp
assets/images/nasx/people/nasp-mentors/dr-ayesha-siddiqa	.webp
assets/images/nasx/people/nasp-mentors/dr-tca-raghavan	.webp
assets/images/nasx/people/nasp-mentors/lt-general-dr-prakash-menon	.webp
assets/images/nasx/people/nasp-mentors/dr-shanthie-mariet-dsouza	.webp
assets/images/nasx/people/nasp-mentors/aditya-ramanathan	.webp
assets/images/nasx/people/nasp-mentors/dr-atul-mishra	.webp
assets/images/nasx/people/nasp-mentors/pranay-kotasthane	.webp
assets/images/nasx/people/nasp-mentors/dr-aparna-pande	.webp
assets/images/nasx/people/nasp-mentors/anand-arni	.webp
assets/images/nasx/people/nasp-mentors/prof-d-suba-chandran	.webp
assets/images/nasx/people/nasp-mentors/manoj-kewalramani	.webp
assets/images/nasx/people/nasc-fellows-2526/rinzin-namgyal	.webp
assets/images/nasx/people/nasc-fellows-2526/mandar-ransing	.webp
assets/images/nasx/people/nasc-fellows-2526/nisarg-jani	.jpg
assets/images/nasx/people/nasc-fellows-2526/aditi-choudhary	.webp
assets/images/nasx/people/nasc-fellows-2526/pallavi-sareen	.webp
assets/images/nasx/people/nasc-fellows-2526/mallika-devi	.jpg
assets/images/nasx/people/nasc-fellows-2526/tanushree-sapkota	.jpg
assets/images/nasx/people/nasc-fellows-2526/anamitra-banerjee	.webp
assets/images/nasx/people/nasc-fellows-2526/ujjawal-upadhyay	.webp
assets/images/nasx/people/nasc-fellows-2526/noel-therattil	.webp
assets/images/nasx/people/nasc-fellows-2526/jayshree-borah	.webp
assets/images/nasx/people/nasc-leadership/dr-alka-acharya	.webp
assets/images/nasx/people/nasc-leadership/pranay-kotasthane	.webp
assets/images/nasx/people/nasc-leadership/dr-jabin-jacob	.webp
assets/images/nasx/people/nasc-leadership/dr-anton-harder	.webp
assets/images/nasx/people/nasc-leadership/manoj-kewalramani	.webp
assets/images/nasx/people/nasc-mentors/dr-pradeep-taneja	.webp
assets/images/nasx/people/nasc-mentors/katja-drinhausen	.jpg
assets/images/nasx/people/nasc-mentors/dr-devendra-kumar	.webp
assets/images/nasx/people/nasc-mentors/helena-legarda	.jpg
